Date,Adj Close,Close,High,Low,Open,Volume,Daily_Return
2024-09-20,477.4330139160156,482.4400024414063,483.6900024414063,478.2999877929688,482.489990234375,34577700,0.0
2024-09-23,478.6985168457031,483.0400085449219,484.1400146484375,481.6000061035156,482.9500122070313,24843000,0.0012436906153703298
2024-09-24,481.007568359375,485.3699951171875,486.3299865722656,480.1700134277344,484.4599914550781,25952600,0.004823589208033274
2024-09-25,481.45355224609375,485.8200073242188,487.7900085449219,484.55999755859375,484.739990234375,26549900,0.0009271529174823545
2024-09-26,485.0707092285156,489.4700012207031,493.7000122070313,485.7999877929688,493.3699951171875,32020200,0.0075130580080216
2024-09-27,482.3752136230469,486.75,490.6400146484375,485.55999755859375,490.5,22851100,-0.005557033554496993
2024-09-30,483.6832885742188,488.0700073242188,488.4100036621094,482.9200134277344,485.7799987792969,30281100,0.0027118794539677804
2024-10-01,476.9444274902344,481.2699890136719,488.0,477.3999938964844,487.7000122070313,42735400,-0.01393246503268486
2024-10-02,477.6183166503906,481.9500122070313,483.8800048828125,477.7200012207031,480.3599853515625,23744000,0.0014129765181349896
2024-10-03,477.2615661621094,481.5899963378906,484.5499877929688,478.989990234375,479.739990234375,25337200,-0.0007469983608715536
2024-10-04,482.9400329589844,487.3200073242188,487.8800048828125,482.3900146484375,487.4500122070313,30686600,0.011898110487967628
2024-10-07,477.7669982910156,482.1000061035156,486.5700073242188,480.8699951171875,485.3900146484375,24975100,-0.010711649721433014
2024-10-08,484.9022216796875,489.2999877929688,489.989990234375,483.8500061035156,484.6600036621094,28272000,0.014934622688860255
2024-10-09,488.7176818847656,493.1499938964844,493.7300109863281,487.9500122070313,489.0,24995000,0.007868396075138673
2024-10-10,488.1626892089844,492.5899963378906,494.4700012207031,489.5299987792969,490.8500061035156,25750400,-0.001135552196136258
2024-10-11,488.92572021484375,493.3599853515625,494.3900146484375,490.1700134277344,490.739990234375,20644500,0.0015631438303584932
2024-10-14,493.0285339355469,497.5,498.8299865722656,495.260009765625,495.7699890136719,26060100,0.00839146824095871
2024-10-15,486.4383239746094,490.8500061035156,498.5,488.6799926757813,497.8299865722656,34784500,-0.013366821902481174
2024-10-16,486.4977722167969,490.9100036621094,491.6900024414063,487.5700073242188,491.1799926757813,22996800,0.00012223196057381536
2024-10-17,486.8347473144531,491.25,496.489990234375,491.1900024414063,496.4400024414063,27210700,0.000692583845010919
2024-10-18,490.0257568359375,494.4700012207031,495.5700073242188,493.2999877929688,494.05999755859375,25335000,0.00655470986402662
2024-10-21,490.9672546386719,495.4200134277344,496.2300109863281,491.30999755859375,493.25,30336500,0.0019212736964546728
2024-10-22,491.5024108886719,495.9599914550781,497.4500122070313,491.9700012207031,492.7300109863281,26685800,0.001089939874668655
2024-10-23,483.9706726074219,488.3599853515625,494.25,485.0499877929688,493.5899963378906,39346600,-0.015323829007292011
2024-10-24,487.8951110839844,492.3200073242188,493.0,489.4400024414063,492.1099853515625,22024900,0.008108817453185813
2024-10-25,490.8681335449219,495.3200073242188,500.2799987792969,494.4299926757813,495.1400146484375,38762100,0.006093597569404308
2024-10-28,490.9474182128906,495.3999938964844,498.5199890136719,495.1000061035156,498.4599914550781,20477800,0.0001614846383808377
2024-10-29,495.6646728515625,500.1600036621094,501.3500061035156,493.8500061035156,495.7200012207031,28014100,0.009608417085728904
2024-10-30,491.9186401367188,496.3800048828125,500.3500061035156,495.8900146484375,499.3900146484375,29756000,-0.007557579077935417
2024-10-31,479.501220703125,483.8500061035156,492.4299926757813,483.75,492.3800048828125,41245200,-0.025242754857248917
2024-11-01,483.0490112304688,487.4299926757813,490.75,485.2000122070313,485.5,33655800,0.00739895944426161
2024-11-04,481.641845703125,486.010009765625,489.3800048828125,484.25,486.8200073242188,23291600,-0.0029132038066865817
2024-11-05,487.78607177734375,492.2099914550781,492.8800048828125,487.5199890136719,487.6099853515625,24353600,0.012756901226052886
2024-11-06,501.0359497070313,505.5799865722656,506.4100036621094,499.6000061035156,500.55999755859375,43082200,0.02716319324941563
2024-11-07,508.9243469238281,513.5399780273438,514.3300170898438,508.3399963378906,508.3999938964844,32853100,0.0157442771994305
2024-11-08,509.51898193359375,514.1400146484375,514.9199829101562,512.4099731445312,513.0399780273438,22924500,0.0011684321508884654
2024-11-11,509.22174072265625,513.8400268554688,515.5800170898438,510.9200134277344,515.3699951171875,24167500,-0.0005834748987080252
2024-11-12,508.2999877929688,512.9099731445312,514.6599731445312,509.8299865722656,513.77001953125,25835300,-0.0018100063489198126
2024-11-13,507.6459655761719,512.25,514.97998046875,509.9500122070313,512.4000244140625,24567400,-0.0012867231660268486
2024-11-14,504.1180114746094,508.6900024414063,512.7899780273438,507.7699890136719,511.9100036621094,28679500,-0.0069497268103342336
2024-11-15,492.10687255859375,496.5700073242188,503.3299865722656,494.489990234375,502.9400024414063,51461100,-0.02382589604477936
2024-11-18,495.5259399414063,500.0199890136719,502.1400146484375,496.7300109863281,498.1300048828125,27080800,0.0069476239776207205
2024-11-19,498.9349670410156,503.4599914550781,503.9500122070313,497.0799865722656,497.4200134277344,24523000,0.006879729844784688
2024-11-20,498.6476440429688,503.1700134277344,503.4800109863281,496.55999755859375,503.1600036621094,29565500,-0.0005759703497107971
2024-11-21,500.44134521484375,504.9800109863281,506.9599914550781,497.55999755859375,506.239990234375,34526700,0.003597188843316612
2024-11-22,501.2440490722656,505.7900085449219,506.5299987792969,502.7799987792969,504.4200134277344,23826600,0.0016040190521831033
2024-11-25,502.0368347167969,506.5899963378906,511.4500122070313,504.260009765625,509.8999938964844,26375200,0.0015816599368385642
2024-11-26,504.7323913574219,509.30999755859375,510.1400146484375,507.2300109863281,508.0799865722656,26557100,0.005369235950898776
2024-11-27,500.7584228515625,505.2999877929688,508.239990234375,501.9299926757813,508.1700134277344,24957400,-0.007873416553468737
2024-11-29,505.1585083007813,509.739990234375,510.3399963378906,505.30999755859375,505.9299926757813,15334000,0.00878686433538034
2024-12-02,510.6586608886719,515.2899780273438,516.260009765625,510.6199951171875,511.010009765625,25147200,0.010887879898174857
2024-12-03,512.2244262695312,516.8699951171875,517.1500244140625,513.3699951171875,513.9500122070312,18597900,0.003066267843772952
2024-12-04,518.55712890625,523.260009765625,523.52001953125,519.5999755859375,520.3200073242188,26086200,0.012362905002811564
2024-12-05,517.1199951171875,521.8099975585938,524.0399780273438,521.4199829101562,523.3099975585938,18169600,-0.0027711122194885585
2024-12-06,521.7479858398438,526.47998046875,526.719970703125,522.3499755859375,522.47998046875,23762600,0.008949584967719693
2024-12-09,517.6849975585938,522.3800048828125,526.3499755859375,521.219970703125,525.5499877929688,20674400,-0.007787524194722617
2024-12-10,515.9208374023438,520.5999755859375,525.3800048828125,519.1599731445312,523.6199951171875,24350000,-0.003407537195598276
2024-12-11,525.1572265625,529.9199829101562,530.6099853515625,524.5900268554688,525.0,32168600,0.017902435192642896
2024-12-12,521.7679443359375,526.5,528.9600219726562,526.02001953125,527.6799926757812,23577500,-0.006453772306103223
2024-12-13,525.76171875,530.530029296875,533.1699829101562,527.2999877929688,530.4600219726562,28780400,0.007654376632241222
2024-12-16,533.3330078125,538.1699829101562,539.1500244140625,533.0,533.0800170898438,31979900,0.014400605416071688
2024-12-17,530.9843139648438,535.7999877929688,537.47998046875,534.1300048828125,536.3599853515625,28579100,-0.004403803988419663
2024-12-18,511.8280334472656,516.469970703125,536.8800048828125,515.010009765625,535.1500244140625,54703200,-0.036076927081440724
2024-12-19,509.5487060546875,514.1699829101562,521.760009765625,513.8300170898438,521.1900024414062,46441800,-0.004453284650485112
2024-12-20,513.998291015625,518.6599731445312,524.8200073242188,509.2900085449219,510.4400024414063,60530000,0.00873250166989914
2024-12-23,519.006103515625,522.8699951171875,523.25,516.1300048828125,519.5499877929688,29672800,0.008117113698077993
2024-12-24,526.0437622070312,529.9600219726562,530.0499877929688,524.1900024414062,524.8300170898438,17558200,0.013559827340789976
2024-12-26,525.6864013671875,529.5999755859375,531.239990234375,526.3099975585938,528.3200073242188,19090500,-0.0006793840512319127
2024-12-27,518.6983642578125,522.5599975585938,526.4500122070312,517.8599853515625,526.010009765625,33839600,-0.013293010483157341
2024-12-30,511.7997131347656,515.6099853515625,519.3599853515625,511.8299865722656,515.510009765625,34584000,-0.013299931566713497
2024-12-31,507.45208740234375,511.2300109863281,517.6599731445312,510.260009765625,516.9000244140625,29117000,-0.008494743099763613
2025-01-02,506.4595031738281,510.2300109863281,516.6400146484375,505.7099914550781,514.2999877929688,36389800,-0.001956066698961312
2025-01-03,514.7478637695312,518.5800170898438,519.6500244140625,512.530029296875,513.3499755859375,29059500,0.016365180259338752
2025-01-06,520.6637573242188,524.5399780273438,527.9199829101562,522.030029296875,524.02001953125,36109700,0.01149284727735167
2025-01-07,511.3728942871094,515.1799926757812,525.989990234375,513.280029296875,525.5900268554688,36690300,-0.017844179173459596
2025-01-08,511.4623107910156,515.27001953125,516.9199829101562,510.5700073242188,515.0800170898438,30777800,0.00017474835348552098
2025-01-10,503.4419555664063,507.1900024414063,511.5799865722656,503.9200134277344,511.4800109863281,40532500,-0.015681131801912773
2025-01-13,501.8240356445313,505.55999755859375,506.0199890136719,499.7000122070313,501.2000122070313,31694200,-0.003213795372476569
2025-01-14,501.3475646972656,505.0799865722656,510.1600036621094,501.5899963378906,508.739990234375,33737200,-0.0009494639382984227
2025-01-15,512.8816528320312,516.7000122070312,517.8499755859375,511.4599914550781,513.030029296875,34957600,0.023006307800127246
2025-01-16,509.2884826660156,513.0800170898438,519.0599975585938,512.9500122070312,518.97998046875,28229000,-0.0070059899974166395
2025-01-17,517.8844604492188,521.739990234375,524.0700073242188,513.1099853515625,522.8499755859375,51837900,0.016878406595622453
2025-01-21,520.9218139648438,524.7999877929688,525.969970703125,520.0599975585938,524.47998046875,23628000,0.005864985655439581
2025-01-22,527.5822143554688,531.510009765625,533.8200073242188,529.260009765625,529.5700073242188,33593000,0.012785865336763846
2025-01-23,528.7039184570312,532.6400146484375,532.760009765625,528.4500122070312,529.0399780273438,23096600,0.0021260274727672446
2025-01-24,525.7161865234375,529.6300048828125,533.7899780273438,528.1500244140625,533.02001953125,19878300,-0.005651114604319996
2025-01-27,510.4101257324219,514.2100219726562,517.989990234375,510.1499938964844,511.0,60771700,-0.02911463241884893
2025-01-28,517.953857421875,521.8099975585938,523.0,511.7799987792969,515.219970703125,33194200,0.014779905605071253
2025-01-29,516.9811401367188,520.8300170898438,522.5900268554688,516.9000244140625,522.4600219726562,26649000,-0.0018780408066826348
2025-01-30,519.1846923828125,523.0499877929688,526.0999755859375,518.2100219726562,523.7100219726562,27431300,0.004262370889314582
2025-01-31,518.4302978515625,522.2899780273438,531.52001953125,521.1900024414062,526.9199829101562,38755200,-0.0014530346685063256
2025-02-03,514.28125,518.1099853515625,520.8499755859375,511.0499877929688,513.469970703125,40580800,-0.008003202917216234
2025-02-04,520.59423828125,524.469970703125,525.1099853515625,518.22998046875,518.6300048828125,26046800,0.012275357610116222
2025-02-05,522.9566650390625,526.8499755859375,527.010009765625,520.6199951171875,521.8200073242188,21134100,0.004537924029514473
2025-02-06,525.6864013671875,529.5999755859375,529.8099975585938,525.739990234375,527.3599853515625,19434500,0.005219702244346758
2025-02-07,519.0556640625,522.9199829101562,532.0999755859375,522.1900024414062,530.1400146484375,29605500,-0.012613279803101674
2025-02-10,525.3389282226562,529.25,530.3599853515625,526.75,527.219970703125,20852800,0.012105135196050387
2025-02-11,524.0882568359375,527.989990234375,529.9199829101562,525.8300170898438,525.9600219726562,19325500,-0.0023807458963155392
2025-02-12,524.3958129882812,528.2999877929688,529.1900024414062,521.9500122070312,522.2999877929688,25009400,0.0005871277189481994
2025-02-13,531.9398193359375,535.9000244140625,536.219970703125,529.1900024414062,529.97998046875,28714800,0.014385835314598028
2025-02-14,534.1731567382812,538.1500244140625,538.8400268554688,535.6699829101562,536.010009765625,17862600,0.004198544313298136
2025-02-18,535.3840942382812,539.3699951171875,540.0,536.0399780273438,539.72998046875,20565000,0.002266971379316196
2025-02-19,535.532958984375,539.52001953125,540.8099975585938,536.4600219726562,538.5700073242188,19666900,0.0002781474969328901
2025-02-20,533.2598876953125,537.22998046875,539.0999755859375,532.4600219726562,538.72998046875,26550800,-0.004244585890417318
2025-02-21,522.1923828125,526.0800170898438,538.4000244140625,525.7100219726562,538.3800048828125,47093800,-0.020754544206891712
2025-02-24,516.0282592773438,519.8699951171875,529.0700073242188,519.530029296875,527.8800048828125,39268400,-0.011804329704459549
2025-02-25,509.5266723632813,513.3200073242188,519.3200073242188,509.4400024414063,519.239990234375,48940000,-0.012599280309478655
2025-02-26,510.7574768066406,514.5599975585938,519.6599731445312,511.3699951171875,515.530029296875,34457600,0.0024156281007605696
2025-02-27,496.5730590820313,500.2699890136719,519.0700073242188,500.0499877929688,518.1300048828125,52448000,-0.02777131648927811
2025-02-28,504.4147033691406,508.1700134277344,508.7799987792969,496.9299926757813,500.1300048828125,47654000,0.01579152175335996
2025-03-03,493.37689208984375,497.0499877929688,513.0399780273438,493.5799865722656,511.5199890136719,44587200,-0.021882490782480835
2025-03-04,491.887939453125,495.5499877929688,503.739990234375,487.739990234375,494.1799926757813,67875400,-0.003017805123907924
2025-03-05,498.3002624511719,502.010009765625,503.6300048828125,491.260009765625,496.2000122070313,46323700,0.013036065244249606
2025-03-06,484.5923156738281,488.2000122070313,498.5799865722656,486.2000122070313,493.6900024414063,57574300,-0.02750940676470015
2025-03-07,488.15576171875,491.7900085449219,493.2799987792969,480.5299987792969,487.1600036621094,54714700,0.0073535359445426884
2025-03-10,469.2366333007813,472.7300109863281,483.9700012207031,468.6600036621094,483.4500122070313,76668000,-0.03875637411786237
2025-03-11,468.114990234375,471.6000061035156,478.80999755859375,467.010009765625,472.3500061035156,68760800,-0.002390381098197669
2025-03-12,473.3956604003906,476.9200134277344,481.05999755859375,471.7900085449219,479.1600036621094,46971100,0.011280761779827175
2025-03-13,464.8790893554688,468.3399963378906,476.2799987792969,466.4299926757813,476.25,46563300,-0.017990473975242116
2025-03-14,476.1154174804688,479.6600036621094,480.55999755859375,473.1199951171875,473.7300109863281,43563000,0.024170490269320943
2025-03-17,479.202392578125,482.7699890136719,485.8399963378906,477.7999877929688,479.6099853515625,41744400,0.006483728740813044
2025-03-18,471.0332336425781,474.5400085449219,479.6099853515625,472.4100036621094,479.4100036621094,39072300,-0.01704741524129194
2025-03-19,477.33636474609375,480.8900146484375,485.3299865722656,474.8699951171875,476.80999755859375,40430300,0.01338139248361081
2025-03-20,475.7183837890625,479.260009765625,484.5499877929688,476.1799926757813,476.8800048828125,36780500,-0.0033895585958551022
2025-03-21,477.2866821289063,480.8399963378906,481.6099853515625,472.9100036621094,474.0799865722656,42234900,0.0032967210701311256
2025-03-24,487.7604370117188,490.6600036621094,491.510009765625,484.3999938964844,487.739990234375,34567200,0.020422609181866225
2025-03-25,490.5438537597656,493.4599914550781,493.6199951171875,490.4200134277344,491.3900146484375,26035200,0.005706574353056437
2025-03-26,481.5175476074219,484.3800048828125,493.1600036621094,482.8200073242188,492.2999877929688,34627100,-0.018400654013492
2025-03-27,478.77386474609375,481.6199951171875,486.5799865722656,480.25,482.4100036621094,33469800,-0.005698025801648687
2025-03-28,466.1687622070313,468.9400024414063,480.5199890136719,468.0499877929688,479.80999755859375,46363800,-0.026327795366336337
2025-03-31,466.1488952636719,468.9200134277344,469.8599853515625,457.3299865722656,461.9200134277344,53000300,-4.2625951225838676e-05
2025-04-01,469.9065551757813,472.7000122070313,473.6300048828125,464.4200134277344,467.2999877929688,41156200,0.008061073682195108
2025-04-02,473.3361511230469,476.1499938964844,479.55999755859375,465.8599853515625,466.1199951171875,49894500,0.007298459065708807
2025-04-03,447.9967956542969,450.6600036621094,460.0700073242188,450.1400146484375,456.4400024414063,70456300,-0.05353353052844212
2025-04-04,420.1721801757813,422.6700134277344,440.3699951171875,422.6700134277344,438.1400146484375,117088400,-0.062108884762183125
2025-04-07,421.1861572265625,423.6900024414063,443.1400146484375,402.3900146484375,408.6600036621094,161557000,0.002413204110223166
2025-04-08,413.6012268066406,416.05999755859375,443.1400146484375,409.7900085449219,438.1600036621094,101248100,-0.0180084609947051
2025-04-09,463.24609375,466.0,467.8299865722656,415.4299926757813,415.5700073242188,142876900,0.12003077136578888
2025-04-10,443.543212890625,446.1799926757813,455.5899963378906,432.6300048828125,453.55999755859375,108384100,-0.042532204558409226
2025-04-11,451.7146911621094,454.3999938964844,455.7900085449219,441.3299865722656,444.6499938964844,52483800,0.018423060996991314
2025-04-14,454.7765197753906,457.4800109863281,465.0499877929688,452.6300048828125,464.4599914550781,43941200,0.006778206714820989
2025-04-15,455.2835083007813,457.989990234375,462.3800048828125,456.1499938964844,458.5400085449219,35404200,0.0011147574446965791
2025-04-16,441.5550537109375,444.1799926757813,452.6199951171875,437.760009765625,449.0299987792969,48980600,-0.030153492113498936
2025-04-17,441.4755554199219,444.1000061035156,447.75,441.3599853515625,447.1700134277344,44837000,-0.000180076936342477
2025-04-21,430.5504760742188,433.1099853515625,439.0799865722656,427.9299926757813,438.2300109863281,44149300,-0.024746725063974573
2025-04-22,441.8533020019531,444.4800109863281,447.5799865722656,437.6199951171875,438.8200073242188,52304400,0.026252051486498118
2025-04-23,451.8737487792969,454.55999755859375,463.3800048828125,452.8800048828125,458.1700134277344,55801100,0.022678154974612896
2025-04-24,464.5881958007813,467.3500061035156,467.6600036621094,455.8299865722656,456.4800109863281,45956100,0.02813711856216128
2025-04-25,469.7673645019531,472.55999755859375,473.0899963378906,465.3900146484375,466.9700012207031,38697100,0.011147943483548639
2025-04-28,469.61822509765625,472.4100036621094,474.80999755859375,466.0299987792969,473.0299987792969,33550800,-0.00031740709594396677
2025-04-29,472.7198486328125,475.5299987792969,476.4200134277344,469.5899963378906,470.1700134277344,30613100,0.00660442220317381
2025-04-30,472.66015625,475.4700012207031,477.2000122070313,462.4299926757813,467.1300048828125,46810600,-0.0001261698709813519
2025-05-01,478.83343505859375,481.6799926757813,487.1799926757813,480.739990234375,483.4100036621094,43316500,0.013060742926230606
2025-05-02,485.9411926269531,488.8299865722656,490.9100036621094,484.8299865722656,486.5400085449219,39218100,0.014843867308595105
2025-05-05,483.058349609375,485.9299926757813,489.0299987792969,484.1000061035156,484.6000061035156,28309500,-0.005932520459351109
2025-05-06,478.5650939941406,481.4100036621094,485.0499877929688,478.1900024414063,479.55999755859375,32786300,-0.009301728812380006
2025-05-07,480.44384765625,483.2999877929688,485.7999877929688,476.7799987792969,482.0799865722656,38006300,0.003925934476812332
2025-05-08,485.4044494628906,488.2900085449219,492.7000122070313,484.1700134277344,488.5299987792969,39577600,0.01032489318847385
2025-05-09,485.0863037109375,487.9700012207031,491.5400085449219,486.2000122070313,490.2099914550781,27767400,-0.000655363244421836
2025-05-12,504.8488159179688,507.8500061035156,507.8900146484375,501.4800109863281,506.989990234375,45090600,0.04074021934356775
2025-05-13,512.5430908203125,515.5900268554688,517.3900146484375,508.4200134277344,509.1600036621094,53269600,0.01524076136444008
2025-05-14,515.6148681640625,518.6799926757812,519.22998046875,515.75,516.77001953125,47014500,0.005993067474865388
2025-05-15,516.1815185546875,519.25,521.9299926757812,515.1699829101562,516.52001953125,50153300,0.001098957608289819
2025-05-16,518.4280395507812,521.510009765625,521.7000122070312,517.0999755859375,520.6599731445312,48394600,0.004352450198603863
2025-05-19,518.9251708984375,522.010009765625,522.530029296875,514.239990234375,514.239990234375,52536200,0.0009587543683480249
2025-05-20,517.1954345703125,520.27001953125,520.9299926757812,516.6599731445312,519.469970703125,42517600,-0.0033332507075031215
2025-05-21,510.0081481933594,513.0399780273438,523.0,511.239990234375,516.27001953125,71292800,-0.013896709847744715
2025-05-22,510.9625244140625,514.0,517.7100219726562,512.2999877929688,513.6599731445312,55607200,0.0018712420352651193
2025-05-23,506.2306213378906,509.239990234375,511.8399963378906,505.5799865722656,506.1799926757813,58368100,-0.009260719388375471
2025-05-27,518.1397705078125,521.219970703125,521.7100219726562,514.5900268554688,516.1500244140625,47226300,0.023525215416087653
2025-05-28,515.8434448242188,518.9099731445312,523.6799926757812,518.3900146484375,522.1799926757812,46637200,-0.004431905315288587
2025-05-29,516.857421875,519.9299926757812,526.47998046875,517.3200073242188,526.3300170898438,58513300,0.0019656965254855052
2025-05-30,516.0422973632812,519.1099853515625,520.6799926757812,511.9299926757813,519.4400024414062,67662800,-0.0015771494927588892
2025-06-02,520.1181030273438,523.2100219726562,523.4500122070312,515.969970703125,517.239990234375,44762800,0.00789820411240405
2025-06-03,524.183837890625,527.2999877929688,528.739990234375,522.6900024414062,523.5599975585938,44070300,0.007817063222321563
2025-06-04,525.6452026367188,528.77001953125,529.8400268554688,525.969970703125,528.010009765625,41359300,0.002787847093329354
2025-06-05,521.688720703125,524.7899780273438,533.0499877929688,522.6599731445312,530.1799926757812,61031200,-0.007526980269105477
2025-06-06,526.7883911132812,529.9199829101562,531.7999877929688,528.2100219726562,530.0,42467000,0.009775348420516528
2025-06-09,527.5638427734375,530.7000122070312,532.3499755859375,529.010009765625,530.1400146484375,33688700,0.0014719756227936642
2025-06-10,531.0531005859375,534.2100219726562,534.9000244140625,528.8900146484375,531.1699829101562,40664800,0.0066139244109451045
2025-06-11,529.2637329101562,532.4099731445312,536.780029296875,530.1099853515625,535.6199951171875,53701000,-0.0033695527116432977
2025-06-12,530.5062866210938,533.6599731445312,534.6400146484375,530.8400268554688,531.0900268554688,34104900,0.0023478147725468634
2025-06-13,523.845947265625,526.9600219726562,531.8699951171875,525.72998046875,527.6799926757812,55814400,-0.012554719313866314
2025-06-16,531.132568359375,534.2899780273438,535.3699951171875,530.4500122070312,530.5,37622100,0.013909890217569165
2025-06-17,525.953369140625,529.0800170898438,533.3300170898438,527.9099731445312,531.7100219726562,42180900,-0.009751185969715803
2025-06-18,525.8638305664062,528.989990234375,532.5499877929688,527.4000244140625,530.0999755859375,43983500,-0.00017015735344516614
2025-06-20,523.7167358398438,526.8300170898438,533.5599975585938,524.8800048828125,532.260009765625,61643500,-0.00408320229948822
2025-06-23,529.1017456054688,531.6500244140625,532.1699829101562,523.6500244140625,526.8099975585938,50666100,0.009149074972690352
2025-06-24,537.1927490234375,539.780029296875,540.7000122070312,536.27001953125,536.8900146484375,45442000,0.015292023905712604
2025-06-25,538.5661010742188,541.1599731445312,543.3099975585938,539.3800048828125,542.0599975585938,44804200,0.002556492965206214
2025-06-26,543.6018676757812,546.219970703125,546.6699829101562,541.52001953125,543.3499755859375,43811400,0.009350280526461585
2025-06-27,545.4629516601562,548.0900268554688,549.989990234375,544.5399780273438,547.260009765625,57577100,0.0034236319663238923
2025-06-30,548.9959106445312,551.6400146484375,552.7999877929688,549.010009765625,551.260009765625,45548700,0.0064770158532823086
2025-07-01,544.3682250976562,546.989990234375,550.7100219726562,544.6599731445312,549.72998046875,56166700,-0.008429454518497859
2025-07-02,548.1599731445312,550.7999877929688,551.0,546.1199951171875,546.1599731445312,36538300,0.006965388081345392
2025-07-03,553.553955078125,556.219970703125,557.2000122070312,553.1799926757812,553.1799926757812,26443500,0.009840201580021635
2025-07-07,549.3840942382812,552.030029296875,554.3400268554688,549.5800170898438,553.52001953125,45349300,-0.0075328855973175735
2025-07-08,549.6925659179688,552.3400268554688,554.010009765625,551.0999755859375,553.3800048828125,36153300,0.0005615592307335326
2025-07-09,553.5838012695312,556.25,557.6300048828125,553.0999755859375,554.47998046875,43045500,0.007078924130831332
2025-07-10,552.7876586914062,555.4500122070312,557.2999877929688,552.75,556.8900146484375,34710900,-0.0014381803019662964
2025-07-11,551.543701171875,554.2000122070312,555.7899780273438,552.0499877929688,553.2999877929688,39618600,-0.0022504275317831723
2025-07-14,553.5440673828125,556.2100219726562,556.9500122070312,551.6300048828125,553.989990234375,36453300,0.0036268670540449133
2025-07-15,554.051513671875,556.719970703125,560.7999877929688,556.6599731445312,560.25,43277700,0.000916827655604191
2025-07-16,554.6187744140625,557.2899780273438,560.2100219726562,551.5599975585938,557.280029296875,52314700,0.0010238672119105008
2025-07-17,559.1072387695312,561.7999877929688,562.3099975585938,557.2100219726562,558.02001953125,40423800,0.008092752325439712
2025-07-18,558.56982421875,561.260009765625,564.72998046875,559.97998046875,563.1199951171875,50484700,-0.0009611570649281642
2025-07-21,561.4658813476562,564.1699829101562,566.0599975585938,562.0599975585938,562.0900268554688,39595200,0.005184714916258493
2025-07-22,558.559814453125,561.25,564.3499755859375,558.6099853515625,564.2999877929688,43270600,-0.005175714764358963
2025-07-23,561.1075439453125,563.8099975585938,563.8499755859375,559.5800170898438,562.3400268554688,40215300,0.004561242866091275
2025-07-24,562.3018798828125,565.010009765625,566.239990234375,563.2899780273438,565.1300048828125,42275500,0.0021283982409456836
2025-07-25,563.6553344726562,566.3699951171875,567.7000122070312,564.27001953125,564.9299926757812,30630800,0.002407011076010157
2025-07-28,565.4168090820312,568.1400146484375,569.0399780273438,566.8699951171875,567.739990234375,31498700,0.003125200039743925
2025-07-29,564.541015625,567.260009765625,572.1099853515625,566.530029296875,570.760009765625,45463300,-0.001548922554516885
2025-07-30,565.2974853515625,568.02001953125,570.6199951171875,565.0499877929688,568.1799926757812,43433800,0.001339790841133004
2025-07-31,562.3018798828125,565.010009765625,574.6300048828125,563.8699951171875,574.5399780273438,64613600,-0.005299126196483317
2025-08-01,551.2251586914062,553.8800048828125,559.02001953125,551.6799926757812,558.8300170898438,69400800,-0.019698774695034893
2025-08-04,561.3961791992188,564.0999755859375,564.3200073242188,558.9500122070312,559.0499877929688,47669800,0.018451597120367813
2025-08-05,557.5845947265625,560.27001953125,566.5599975585938,559.72998046875,565.3900146484375,48666600,-0.006789498706695207
2025-08-06,564.6007690429688,567.3200073242188,567.760009765625,560.6300048828125,561.1099853515625,41823700,0.01258319657879814
2025-08-07,566.5115966796875,569.239990234375,573.3200073242188,565.1099853515625,571.6699829101562,44463000,0.0033843031893268094
2025-08-08,571.7960815429688,574.5499877929688,574.77001953125,570.1500244140625,570.4500122070312,35255500,0.009328222980974132
2025-08-11,570.104248046875,572.8499755859375,576.7999877929688,571.5700073242188,574.6900024414062,33112900,-0.0029588586600820532
2025-08-12,577.2697143554688,580.0499877929688,580.3499755859375,572.489990234375,575.1599731445312,42143300,0.01256875711597405
2025-08-13,577.5584106445312,580.3400268554688,583.3200073242188,578.9400024414062,582.760009765625,41209300,0.0005000242541226552
2025-08-14,577.110595703125,579.8900146484375,581.8800048828125,577.9099731445312,578.280029296875,45425000,-0.0007754285181217346
2025-08-15,574.57275390625,577.3400268554688,579.8400268554688,575.5700073242188,579.7999877929688,49480200,-0.004397364549404648
2025-08-18,574.3438110351562,577.1099853515625,577.77001953125,575.239990234375,576.4400024414062,29831000,-0.00039845064122645546
2025-08-19,566.5514526367188,569.280029296875,576.5599975585938,568.25,576.3900146484375,53752600,-0.013567528293445985
2025-08-20,563.1876220703125,565.9000244140625,568.4500122070312,558.8400268554688,568.3300170898438,76781100,-0.005937332611135493
2025-08-21,560.5802001953125,563.280029296875,566.489990234375,560.97998046875,564.3499755859375,46436900,-0.004629784421550931
2025-08-22,569.2284545898438,571.969970703125,573.989990234375,563.27001953125,564.6699829101562,51502100,0.015427391269485335
2025-08-25,567.5863647460938,570.3200073242188,573.2899780273438,569.1599731445312,570.4000244140625,34044700,-0.0028847028050754675
2025-08-26,569.8654174804688,572.6099853515625,572.9199829101562,568.7999877929688,569.8300170898438,34103000,0.004015251083488547
2025-08-27,570.7411499023438,573.489990234375,574.4099731445312,570.3699951171875,571.5900268554688,36927100,0.0015368311858414696
2025-08-28,574.3140258789062,577.0800170898438,578.0,572.4600219726562,574.1099853515625,46787900,0.006259964282901542
2025-08-29,567.6660766601562,570.4000244140625,575.030029296875,568.5399780273438,574.6599731445312,56030400,-0.011575505091075189
2025-09-02,562.9088745117188,565.6199951171875,565.969970703125,559.5399780273438,561.3099975585938,65876800,-0.008380135154771873
2025-09-03,567.3375854492188,570.0700073242188,571.7000122070312,566.72998046875,569.22998046875,54230200,0.007867494511238471
2025-09-04,572.4728393554688,575.22998046875,575.5999755859375,569.030029296875,570.739990234375,47526300,0.009051472763408563
2025-09-05,573.298828125,576.0599975585938,581.1199951171875,571.530029296875,580.489990234375,68342500,0.001442930859006042
2025-09-08,576.0953979492188,578.8699951171875,580.8400268554688,577.77001953125,578.3699951171875,46371400,0.004877959883524019
2025-09-09,577.7276000976562,580.510009765625,580.9400024414062,577.0399780273438,579.6699829101562,44007600,0.002833131207820694
2025-09-10,577.9166259765625,580.7000122070312,583.77001953125,578.5499877929688,583.739990234375,49308000,0.00032730261013580453
2025-09-11,581.2804565429688,584.0800170898438,584.8800048828125,581.6199951171875,583.239990234375,44745800,0.005820569677562615
2025-09-12,583.8480224609375,586.6599731445312,587.8599853515625,584.0999755859375,585.0399780273438,50745900,0.004417127755101058
2025-09-15,588.843994140625,591.6799926757812,591.7899780273438,588.2899780273438,588.4400024414062,44360300,0.00855694910348559
2025-09-16,588.3463134765625,591.1799926757812,592.8599853515625,590.489990234375,592.6099853515625,36942100,-0.0008450513895844614
2025-09-17,587.1720581054688,590.0,591.75,584.3699951171875,591.0999755859375,69384800,-0.001995995619608837
2025-09-18,592.4666137695312,595.3200073242188,598.1400146484375,592.9600219726562,594.9099731445312,61069300,0.009016961566472359
2025-09-19,596.4772338867188,599.3499755859375,600.0499877929688,595.8499755859375,597.3300170898438,58196100,0.006769415124870726
2025-09-22,600.0083618164062,602.2000122070312,602.8699951171875,597.719970703125,597.739990234375,57154800,0.00475521270908108
2025-09-23,596.0228881835938,598.2000122070312,602.5700073242188,596.97998046875,602.3699951171875,64635500,-0.006642311389766009
2025-09-24,593.9305419921875,596.0999755859375,599.9000244140625,593.3599853515625,599.5800170898438,49850300,-0.0035105927419589733
2025-09-25,591.3699951171875,593.530029296875,595.1199951171875,588.5,592.2000122070312,70920200,-0.004311267227508853
2025-09-26,593.8009643554688,595.969970703125,596.2999877929688,591.0599975585938,594.3499755859375,54337400,0.004110897993047535
2025-09-29,596.5509643554688,598.72998046875,602.0499877929688,597.4099731445312,599.1099853515625,48332900,0.004631122206323113
2025-09-30,598.18505859375,600.3699951171875,600.7100219726562,596.0999755859375,598.4299926757812,46533800,0.0027391557161602353
2025-10-01,601.0545043945312,603.25,603.7899780273438,596.3400268554688,597.1699829101562,46899600,0.004797049996228209
2025-10-02,603.5254516601562,605.72998046875,607.1599731445312,602.9299926757812,607.0599975585938,43765400,0.004111032687525995
2025-10-03,600.9848022460938,603.1799926757812,607.3300170898438,601.3900146484375,606.510009765625,46482100,-0.004209776427106071
2025-10-06,605.498291015625,607.7100219726562,609.3599853515625,605.969970703125,608.4500122070312,41962100,0.0075102446232993
2025-10-07,602.3099365234375,604.510009765625,609.7100219726562,603.030029296875,609.02001953125,58209500,-0.005265689377054961
2025-10-08,609.2147216796875,611.4400024414062,611.75,605.260009765625,605.4099731445312,50629800,0.01146381790843809
2025-10-09,608.4774780273438,610.7000122070312,611.6099853515625,607.47998046875,611.47998046875,45551000,-0.0012102417758411699
2025-10-10,587.3545532226562,589.5,613.1799926757812,589.0499877929688,611.4000244140625,97614800,-0.03471428161662504
2025-10-13,599.8190307617188,602.010009765625,602.9500122070312,597.22998046875,599.6799926757812,65872600,0.021221390611747326
2025-10-14,595.8236694335938,598.0,602.6900024414062,590.1300048828125,595.3099975585938,69203200,-0.006661035033597162
2025-10-15,600.0283203125,602.219970703125,606.7000122070312,595.9299926757812,604.010009765625,62805500,0.007056807195861214
2025-10-16,597.8064575195312,599.989990234375,608.3099975585938,595.5,605.1099853515625,70982000,-0.0037029334416565085
2025-10-17,601.7320556640625,603.9299926757812,605.510009765625,596.3699951171875,597.9500122070312,72024900,0.006566780288896457
2025-10-20,609.3143310546875,611.5399780273438,612.7999877929688,607.0700073242188,607.1400146484375,45761700,0.012600774003366899
2025-10-21,609.1549682617188,611.3800048828125,612.719970703125,609.3200073242188,611.6400146484375,44538200,-0.00026159065683206695
2025-10-22,603.286376953125,605.489990234375,611.4099731445312,599.739990234375,610.8200073242188,61478800,-0.009633966765999258
2025-10-23,608.3578491210938,610.5800170898438,611.3699951171875,604.52001953125,604.9099731445312,42844300,0.008406459128248223
2025-10-24,614.8540649414062,617.0999755859375,618.4199829101562,615.1300048828125,615.989990234375,47632500,0.010678303111145482
2025-10-27,625.80419921875,628.0900268554688,628.5499877929688,624.030029296875,624.52001953125,54098600,0.0178091908998963
2025-10-28,630.6165161132812,632.9199829101562,634.6799926757812,629.25,630.3599853515625,61195700,0.00768991043985956
2025-10-29,633.4561767578125,635.77001953125,637.010009765625,630.25,635.5900268554688,67422800,0.004502996742162146
2025-10-30,623.7715454101562,626.0499877929688,633.5,625.9400024414062,632.1699829101562,61628600,-0.015288597196589704
2025-10-31,626.7805786132812,629.0700073242188,634.2000122070312,626.6900024414062,634.1699829101562,66305100,0.004823927146611062
2025-11-03,629.7796020507812,632.0800170898438,635.8200073242188,629.8499755859375,635.1099853515625,37154300,0.0047848565828598755
2025-11-04,616.996337890625,619.25,626.9500122070312,618.4600219726562,623.280029296875,63830800,-0.020298090024921778
2025-11-05,621.0116577148438,623.280029296875,626.5999755859375,617.2100219726562,618.489990234375,48688500,0.006507919736576495
2025-11-06,609.4439086914062,611.6699829101562,622.0399780273438,610.2999877929688,621.7899780273438,72115100,-0.018627335773642728
2025-11-07,607.5208740234375,609.739990234375,609.9500122070312,598.6699829101562,608.3099975585938,81835400,-0.0031552842704474227
2025-11-10,620.9617919921875,623.22998046875,624.3099975585938,616.8900146484375,618.9199829101562,55919900,0.022124168416753687
2025-11-11,619.307861328125,621.5700073242188,622.719970703125,617.52001953125,620.5700073242188,44868800,-0.0026635001469004216
2025-11-12,618.8196411132812,621.0800170898438,624.8599853515625,617.8099975585938,624.8400268554688,47444400,-0.0007883106144138674
2025-11-13,606.185791015625,608.4000244140625,618.1199951171875,606.0800170898438,617.5399780273438,71333600,-0.02041603710773876
2025-11-14,606.6441040039062,608.8599853515625,613.3499755859375,597.1699829101562,599.5499877929688,80087300,0.0007560172896821094
2025-11-17,601.4630737304688,603.6599731445312,612.47998046875,599.8699951171875,606.2999877929688,63850400,-0.00854057144850584
2025-11-18,594.1397705078125,596.3099975585938,602.3099975585938,591.3400268554688,599.6199951171875,83327300,-0.012175688157110454
2025-11-19,597.6868286132812,599.8699951171875,606.1599731445312,594.5900268554688,597.0700073242188,73111500,0.005970045065769591
2025-11-20,583.5385131835938,585.6699829101562,614.030029296875,584.75,611.6199951171875,117743200,-0.023671816097848297
2025-11-21,587.9224853515625,590.0700073242188,596.97998046875,580.739990234375,587.469970703125,103344200,0.007512805065062578
2025-11-24,602.9575805664062,605.1599731445312,606.6799926757812,595.1599731445312,595.280029296875,60168100,0.02557317883134025
2025-11-25,606.674072265625,608.8900146484375,610.260009765625,597.3200073242188,603.510009765625,57560900,0.006163728054458417
2025-11-26,612.034423828125,614.27001953125,616.1900024414062,610.3900146484375,612.510009765625,42393600,0.008835758106361391
2025-11-28,616.996337890625,619.25,619.3200073242188,615.4199829101562,616.1099853515625,23034400,0.008107152083623115
2025-12-01,614.923828125,617.1699829101562,619.4400024414062,612.52001953125,613.6300048828125,40957600,-0.0033589294951049675
2025-12-02,619.7362670898438,622.0,623.75,617.5900268554688,619.4600219726562,54541800,0.00782607259521706
2025-12-03,621.2507934570312,623.52001953125,624.219970703125,618.030029296875,619.6199951171875,47841600,0.0024437613042604944
2025-12-04,620.6728515625,622.9400024414062,624.9400024414062,619.5399780273438,624.9299926757812,47067800,-0.000930230099556062
2025-12-05,623.2036743164062,625.47998046875,628.9199829101562,623.7100219726562,624.3800048828125,53614200,0.004077403951245895
2025-12-08,622.0079956054688,624.280029296875,628.8400268554688,621.6900024414062,627.2100219726562,43462400,-0.001918448566452513
2025-12-09,622.775146484375,625.0499877929688,625.8699951171875,621.0,623.010009765625,37156000,0.0012333543601594776
2025-12-10,625.3258666992188,627.6099853515625,629.2100219726562,620.989990234375,623.8499755859375,55031400,0.004095668520261997
2025-12-11,623.3033447265625,625.5800170898438,625.780029296875,617.719970703125,623.8200073242188,58272800,-0.0032344422636642056
2025-12-12,611.3867797851562,613.6199951171875,623.5399780273438,611.3599853515625,622.0800170898438,75158700,-0.01911829285771227
2025-12-15,608.3179931640625,610.5399780273438,618.4199829101562,609.3200073242188,618.3699951171875,49538200,-0.00501942100054209
2025-12-16,609.5235595703125,611.75,613.510009765625,606.9099731445312,608.260009765625,55152800,0.001981888191115333
2025-12-17,598.224853515625,600.4099731445312,613.6500244140625,600.280029296875,613.0599975585938,70654300,-0.018537027961534558
2025-12-18,606.8931884765625,609.1099853515625,612.9299926757812,606.9199829101562,609.7999877929688,78875800,0.014490119412018831
2025-12-19,614.8043212890625,617.0499877929688,617.6199951171875,611.8699951171875,611.9500122070312,60369800,0.013035416644538333
2025-12-22,617.7513427734375,619.2100219726562,621.6500244140625,617.77001953125,621.3499755859375,43703100,0.0035005821609581655
2025-12-23,620.6444702148438,622.1099853515625,622.4099731445312,617.780029296875,618.2000122070312,41120400,0.004683327588380415
2025-12-24,622.4602661132812,623.9299926757812,624.280029296875,621.719970703125,621.989990234375,18468700,0.002925539481881456
2025-12-26,622.4202880859375,623.8900146484375,625.52001953125,623.1400146484375,624.6599731445312,28959800,-6.407454011359004e-05
2025-12-29,619.4074096679688,620.8699951171875,622.780029296875,618.72998046875,620.0999755859375,32458300,-0.004840628092039223
2025-12-30,617.9707641601562,619.4299926757812,622.1799926757812,619.219970703125,619.8400268554688,31226800,-0.0023193300573890463
2025-12-31,612.8628540039062,614.3099975585938,619.9600219726562,614.0499877929688,619.6500244140625,40746500,-0.008265655808932348
2026-01-02,611.6757202148438,613.1199951171875,622.8499755859375,610.1500244140625,620.0599975585938,61859200,-0.0019371366999325623
2026-01-05,616.5341796875,617.989990234375,620.8099975585938,616.719970703125,619.3200073242188,46828400,0.007942972266394177
2026-01-06,621.951416015625,623.4199829101562,624.02001953125,618.5399780273438,619.22998046875,43137500,0.008786538231342345
2026-01-07,622.550048828125,624.02001953125,627.9400024414062,622.5599975585938,623.0399780273438,44880300,0.0009624917993369397
2026-01-08,619.0083618164062,620.469970703125,623.4199829101562,617.7999877929688,623.030029296875,50435900,-0.005688998296547787
2026-01-09,625.173828125,626.6500244140625,627.8900146484375,619.0599975585938,621.4099731445312,49688700,0.009960278502977538
2026-01-12,625.6925659179688,627.1699829101562,628.8499755859375,622.260009765625,622.3099975585938,37388700,0.0008297430397132821
2026-01-13,624.7647705078125,626.239990234375,629.469970703125,623.7000122070312,627.27001953125,44481400,-0.001482839901657873
2026-01-14,618.0905151367188,619.5499877929688,623.4500122070312,614.5599975585938,622.239990234375,72598700,-0.01068280937936028
2026-01-15,620.3153076171875,621.780029296875,630.0,620.75,626.5999755859375,53934900,0.0035994537129284687
2026-01-16,619.7965087890625,621.260009765625,626.0800170898438,618.8800048828125,625.5,61058100,-0.0008363400346551586
2026-01-20,606.6276245117188,608.0599975585938,615.0599975585938,607.0499877929688,610.530029296875,81988900,-0.0212471622179754
2026-01-21,614.8282470703125,616.280029296875,620.4199829101562,607.8599853515625,609.469970703125,79837900,0.013518455039445598
2026-01-22,619.2976684570312,620.760009765625,622.4600219726562,617.780029296875,622.3499755859375,42254800,0.007269390951806898
2026-01-23,621.2530517578125,622.719970703125,625.4000244140625,618.6500244140625,619.72998046875,43645800,0.0031573569602849627
2026-01-26,623.9866333007812,625.4600219726562,627.6099853515625,622.1199951171875,623.2100219726562,35983000,0.004400133926068639
2026-01-27,629.6432495117188,631.1300048828125,632.0399780273438,627.3400268554688,628.9099731445312,38997200,0.009065300276544397
2026-01-28,631.7283325195312,633.219970703125,636.5999755859375,631.8099975585938,635.4600219726562,50691700,0.003311466423943088
2026-01-29,627.947265625,629.4299926757812,633.6699829101562,618.27001953125,632.6500244140625,79944000,-0.00598524715374249
2026-01-30,620.4050903320312,621.8699951171875,628.260009765625,619.2999877929688,625.7100219726562,65650700,-0.012010863235886293
2026-02-02,624.6650390625,626.1400146484375,628.489990234375,618.6599731445312,618.7000122070312,49020300,0.006866418326623602
2026-02-03,615.0676879882812,616.52001953125,629.97998046875,610.9600219726562,628.2999877929688,81234000,-0.015363967949866497
2026-02-04,604.3230590820312,605.75,615.0999755859375,600.469970703125,615.02001953125,81850700,-0.017469050785145046
2026-02-05,595.6236572265625,597.030029296875,604.8099975585938,594.760009765625,600.2100219726562,89354500,-0.014395329266405299
2026-02-06,608.2138671875,609.6500244140625,611.4099731445312,598.77001953125,600.1900024414062,78019300,0.021137957050586076
2026-02-09,612.8728637695312,614.3200073242188,616.4600219726562,605.0700073242188,607.5399780273438,56797600,0.00766010452414001
2026-02-10,610.029541015625,611.469970703125,617.02001953125,611.010009765625,615.3099975585938,53938900,-0.004639335504483366
2026-02-11,611.6657104492188,613.1099853515625,617.52001953125,607.6900024414062,616.3800048828125,58575100,0.002682085346810581
2026-02-12,599.22509765625,600.6400146484375,615.8099975585938,599.5700073242188,614.7100219726562,81378900,-0.020338880463632636
2026-02-13,600.5020751953125,601.9199829101562,606.47998046875,596.4199829101562,600.4299926757812,69237500,0.002131007309707611
2026-02-17,599.8834838867188,601.2999877929688,603.9500122070312,593.3400268554688,598.3800048828125,69013800,-0.0010300291314303545
2026-02-18,604.3629150390625,605.7899780273438,609.77001953125,600.719970703125,602.1099853515625,64250700,0.0074671384093241144
2026-02-19,602.0484008789062,603.469970703125,605.8200073242188,600.75,602.8099975585938,60960800,-0.003829722194767071
2026-02-20,607.3758544921875,608.8099975585938,610.3499755859375,599.22998046875,600.1199951171875,74127300,0.008848869230803524
2026-02-23,599.9932250976562,601.4099731445312,608.010009765625,599.0499877929688,606.6099853515625,63859100,-0.012154899629995497
2026-02-24,606.4380493164062,607.8699951171875,608.989990234375,599.72998046875,602.4000244140625,55023700,0.010741461334402791
2026-02-25,615.227294921875,616.6799926757812,616.8300170898438,611.0,611.0700073242188,55710700,0.014493226560549965
2026-02-26,607.8048095703125,609.239990234375,615.5900268554688,603.97998046875,615.5900268554688,96178900,-0.012064608110803121
2026-02-27,605.859375,607.2899780273438,608.3200073242188,602.1900024414062,602.97998046875,68125200,-0.0032007291679606586
2026-03-02,606.6575317382812,608.0900268554688,609.9199829101562,597.989990234375,598.8599853515625,75264600,0.001317408251530594
2026-03-03,600.1629028320312,601.5800170898438,603.9600219726562,591.8699951171875,596.3300170898438,97015500,-0.010705667710567912
2026-03-04,609.311279296875,610.75,612.8800048828125,603.4299926757812,604.1599731445312,70943900,0.015243164084000504
2026-03-05,607.4755249023438,608.9099731445312,612.760009765625,602.260009765625,607.4000244140625,89602400,-0.00301273328770979
2026-03-06,598.337158203125,599.75,606.0,598.3300170898438,600.3099975585938,86302300,-0.01504323060636914
2026-03-09,606.3283081054688,607.760009765625,609.27001953125,591.3300170898438,594.22998046875,93068200,0.013355581101500702
2026-03-10,606.3383178710938,607.77001953125,613.2899780273438,605.4199829101562,607.780029296875,64078900,1.6469931328311205e-05
2026-03-11,606.2584838867188,607.6900024414062,612.4299926757812,605.030029296875,608.9500122070312,60114800,-0.00013165685583749198
2026-03-12,595.8530883789062,597.260009765625,604.1400146484375,597.0499877929688,602.760009765625,71836600,-0.017163344195031294
2026-03-13,592.3213500976562,593.719970703125,603.5999755859375,592.5700073242188,599.72998046875,63145500,-0.005927132244948341
2026-03-16,598.9656982421875,600.3800048828125,603.8599853515625,599.1099853515625,600.0399780273438,49077200,0.011217467001826131
2026-03-17,601.8887939453125,603.3099975585938,605.9000244140625,601.8699951171875,603.1400146484375,47106600,0.0048802302740798
2026-03-18,593.4986572265625,594.9000244140625,603.1599731445312,594.5599975585938,601.489990234375,56128000,-0.013939721169156427
2026-03-19,591.623046875,593.02001953125,595.7999877929688,587.0800170898438,589.510009765625,75597600,-0.0031602030688504534
2026-03-20,580.6888427734375,582.0599975585938,591.1699829101562,578.5399780273438,591.0599975585938,91964700,-0.01848170653887793
2026-03-23,587.3545532226562,588.0,595.0800170898438,585.9600219726562,590.52001953125,89936100,0.010205137728620972
2026-03-24,583.3389282226562,583.97998046875,587.9299926757812,581.9299926757812,584.8099975585938,57750900,-0.006836767910289088
2026-03-25,587.1747436523438,587.8200073242188,591.3699951171875,585.6900024414062,589.1400146484375,60475500,0.006575613863315066
2026-03-26,573.1600952148438,573.7899780273438,584.6300048828125,573.4299926757812,582.5999755859375,81492100,-0.023867900245077234
2026-03-27,561.9624633789062,562.5800170898438,571.02001953125,561.5700073242188,570.8099975585938,82702200,-0.019536696991535485
2026-03-30,557.6671752929688,558.280029296875,568.0499877929688,555.5999755859375,567.3800048828125,70602600,-0.00764333545868201
2026-03-31,576.54638671875,577.1799926757812,578.6400146484375,564.2100219726562,564.2899780273438,95878000,0.03385391270884219
2026-04-01,583.6685791015625,584.3099975585938,587.739990234375,580.4199829101562,581.47998046875,79435100,0.012353174006878076
2026-04-02,584.3378295898438,584.97998046875,586.0499877929688,571.9199829101562,573.969970703125,50941700,0.0011466223630531847
2026-04-06,587.85400390625,588.5,590.6099853515625,584.6900024414062,586.22998046875,35108500,0.006017333325542884
2026-04-07,587.9439086914062,588.5900268554688,588.97998046875,578.4000244140625,585.6400146484375,49948200,0.00015297681473014357
2026-04-08,605.4246826171875,606.0900268554688,609.9000244140625,602.1199951171875,608.7100219726562,63086000,0.029732070204270045
2026-04-09,609.5202026367188,610.1900024414062,610.5,603.030029296875,605.9299926757812,37837500,0.006764631332426108
2026-04-10,610.3992309570312,611.0700073242188,613.6699829101562,609.5800170898438,611.8400268554688,34038500,0.001442181745508142
2026-04-13,616.7122802734375,617.3900146484375,626.739990234375,608.1099853515625,609.47998046875,32972100,0.010342525812865766
2026-04-14,627.909912109375,628.5999755859375,628.5999755859375,620.0999755859375,620.219970703125,49921100,0.018157016912369928
2026-04-15,636.7003173828125,637.4000244140625,637.8300170898438,628.2000122070312,629.0800170898438,50102400,0.013999441886586528
2026-04-16,639.7669067382812,640.469970703125,642.1799926757812,635.260009765625,639.2100219726562,42320600,0.004816357344643363
2026-04-17,648.1376953125,648.8499755859375,650.0,644.0700073242188,645.5900268554688,53488900,0.013084149556009228
2026-04-20,646.0799560546875,646.7899780273438,648.760009765625,642.52001953125,648.0399780273438,37138500,-0.0031748441644519065
2026-04-21,643.6226806640625,644.3300170898438,650.2000122070312,642.2100219726562,648.4099731445312,39580500,-0.003803338055735961
2026-04-22,654.390869140625,655.1099853515625,655.3300170898438,648.52001953125,650.1500244140625,37368400,0.016730507621555812
2026-04-23,650.7048950195312,651.4199829101562,656.9199829101562,645.52001953125,653.5499877929688,40099800,-0.005632645699066852
2026-04-24,663.1512451171875,663.8800048828125,664.510009765625,656.530029296875,658.510009765625,45563100,0.019127478891562966
2026-04-27,663.5008544921875,664.22998046875,664.4299926757812,660.6900024414062,663.4000244140625,32717000,0.0005271669328243966
2026-04-28,656.8281860351562,657.5499877929688,659.6400146484375,653.8099975585938,657.4099731445312,34147900,-0.010056746717555742
2026-04-29,660.84375,661.5700073242188,661.719970703125,656.5900268554688,658.6300048828125,31724900,0.006113633344809299
2026-04-30,667.0069580078125,667.739990234375,668.9000244140625,657.5599975585938,665.3499755859375,40622200,0.009326273624633119
2026-05-01,673.4099731445312,674.1500244140625,675.969970703125,668.7999877929688,669.1599731445312,39172600,0.009599596060492877
2026-05-04,672.141357421875,672.8800048828125,676.72998046875,668.9000244140625,674.6599731445312,34542000,-0.0018838826451929025
2026-05-05,680.8617553710938,681.6099853515625,682.77001953125,677.510009765625,677.9600219726562,37101100,0.012974052439365336
2026-05-06,695.0062255859375,695.77001953125,695.9299926757812,686.47998046875,687.780029296875,38778500,0.02077439369140688
2026-05-07,694.1771240234375,694.9400024414062,701.239990234375,691.77001953125,696.5800170898438,43779100,-0.0011929474776779525
2026-05-08,710.44921875,711.22998046875,711.22998046875,699.5,699.9199829101562,44320400,0.023440840892904546
2026-05-11,712.5069580078125,713.2899780273438,714.5900268554688,708.9099731445312,710.3599853515625,36019100,0.0028963874065546236
2026-05-12,706.463623046875,707.239990234375,710.1799926757812,696.6400146484375,708.219970703125,45873000,-0.00848180680976407
2026-05-13,713.9254760742188,714.7100219726562,716.6500244140625,704.8300170898438,709.9600219726562,40012500,0.010562230418850849
2026-05-14,718.9998168945312,719.7899780273438,722.030029296875,714.219970703125,714.6199951171875,33327500,0.007107716274449949
2026-05-15,708.1517944335938,708.9299926757812,715.1300048828125,705.5499877929688,710.1400146484375,51792700,-0.015087714031981059
2026-05-18,705.1051025390625,705.8800048828125,712.0700073242188,698.8499755859375,711.5399780273438,49834500,-0.004302241158477327
2026-05-19,700.7599487304688,701.530029296875,706.489990234375,695.25,699.8099975585938,46827500,-0.006162485912403315
2026-05-20,712.3671875,713.1500244140625,713.1500244140625,703.7899780273438,705.2899780273438,36779200,0.016563788621898112
2026-05-21,713.7256469726562,714.510009765625,717.1199951171875,706.77001953125,708.989990234375,36415400,0.0019070115754113992
2026-05-22,716.7523193359375,717.5399780273438,722.1199951171875,715.9500122070312,718.0700073242188,33118600,0.004240623952507905
2026-05-26,729.4783935546875,730.280029296875,731.1699829101562,724.1599731445312,725.9600219726562,34254700,0.017755179724697978
2026-05-27,728.6492919921875,729.4500122070312,733.3200073242188,725.4400024414062,732.9600219726562,35148700,-0.0011365737204164228
2026-05-28,734.79248046875,735.5999755859375,736.5999755859375,726.4099731445312,729.72998046875,32840000,0.008430959320020914
2026-05-29,737.49951171875,738.3099975585938,741.6300048828125,735.25,737.8400268554688,37541700,0.003684097420609156
2026-06-01,741.9246826171875,742.739990234375,745.6500244140625,735.989990234375,737.0399780273438,33890600,0.006000179721837862
2026-06-02,745.3408813476562,746.1599731445312,746.4400024414062,739.22998046875,742.4000244140625,30085200,0.004604549310825545
2026-06-03,743.39306640625,744.2100219726562,748.6500244140625,741.010009765625,747.3099975585938,40270200,-0.002613315163043861
2026-06-04,739.7969970703125,740.6099853515625,743.5,732.6199951171875,735.47998046875,40782600,-0.00483739336316813
2026-06-05,704.2860107421875,705.0599975585938,731.6900024414062,704.3200073242188,730.0599975585938,99606600,-0.04800095663859216
2026-06-08,715.283935546875,716.0700073242188,723.030029296875,713.0700073242188,717.8099975585938,47401500,0.015615706186351996
2026-06-09,707.052978515625,707.8300170898438,725.6599731445312,686.3699951171875,722.97998046875,91932200,-0.011507241121808565
2026-06-10,692.9285278320312,693.6900024414062,711.280029296875,692.9299926757812,701.6599731445312,65334300,-0.019976568253734728
2026-06-11,716.332763671875,717.1199951171875,718.3699951171875,695.0,699.2899780273438,71798900,0.033775883454166156
2026-06-12,720.5481567382812,721.3400268554688,724.010009765625,711.280029296875,717.6099853515625,51168400,0.005884694007997515
2026-06-15,743.1832885742188,744.0,744.760009765625,737.3800048828125,738.0999755859375,46710200,0.03141371932916659
2026-06-16,729.0587768554688,729.8599853515625,744.219970703125,729.6400146484375,742.25,45348700,-0.019005396032846122
2026-06-17,721.7168579101562,722.510009765625,735.6799926757812,720.8499755859375,735.1900024414062,51669300,-0.010070391216744357
2026-06-18,739.8070068359375,740.6199951171875,741.8200073242188,732.510009765625,737.2000122070312,50154600,0.025065376405563056
2026-06-22,737.9500122070312,737.9500122070312,745.4500122070312,734.3900146484375,742.02001953125,43518600,-0.003605064578001027
2026-06-23,713.6500244140625,713.6500244140625,723.6099853515625,712.1099853515625,715.739990234375,53354200,-0.03292904314791367
2026-06-24,710.6199951171875,710.6199951171875,719.9299926757812,704.4500122070312,715.3699951171875,52480400,-0.00424581964999271
2026-06-25,716.3800048828125,716.3800048828125,726.8300170898438,705.2999877929688,725.9000244140625,49668000,0.008105611726665796
2026-06-26,706.52001953125,706.52001953125,715.5599975585938,702.8099975585938,707.1300048828125,47081800,-0.013763624451209266
2026-06-29,724.0800170898438,724.0800170898438,724.5800170898438,705.1699829101562,713.989990234375,44939100,0.024854210883145544
2026-06-30,736.4000244140625,736.4000244140625,737.6199951171875,723.9099731445312,724.1799926757812,42121800,0.017014704222517052
2026-07-01,725.1699829101562,725.1699829101562,731.9199829101562,724.5999755859375,729.1900024414062,40803800,-0.015249920059198452
2026-07-02,712.5999755859375,712.5999755859375,730.8300170898438,707.5599975585938,725.5800170898438,50959800,-0.017333877050142776
2026-07-06,722.8200073242188,722.8200073242188,726.0800170898438,718.4500122070312,719.9299926757812,30220400,0.014341891788415717
2026-07-07,709.4299926757812,709.4299926757812,716.3499755859375,704.9000244140625,714.1699829101562,42483100,-0.0185246873533641
2026-07-08,711.4400024414062,711.4400024414062,712.260009765625,700.9099731445312,704.9500122070312,35603200,0.0028332742996159954
2026-07-09,723.280029296875,723.280029296875,724.22998046875,715.1300048828125,718.3300170898438,33654700,0.01664234062582648
2026-07-10,725.510009765625,725.510009765625,726.3900146484375,717.0,720.7000122070312,26415900,0.0030831495111482976
2026-07-13,711.739990234375,711.739990234375,718.739990234375,710.0800170898438,717.719970703125,36552400,-0.01897977883957569
2026-07-14,719.6900024414062,719.6900024414062,722.2899780273438,714.3400268554688,720.219970703125,29448100,0.011169826504217273
2026-07-15,717.739990234375,717.739990234375,724.3599853515625,710.22998046875,723.8499755859375,32627600,-0.002709516875899598
2026-07-16,705.9400024414062,705.9400024414062,713.5999755859375,702.6099853515625,712.010009765625,39402000,-0.01644047698821338
2026-07-17,695.3300170898438,695.3300170898438,702.2999877929688,686.760009765625,691.6500244140625,54109300,-0.015029585113280453
2026-07-20,696.0599975585938,696.0599975585938,705.7999877929688,695.510009765625,702.1599731445312,29687600,0.001049833101992581
2026-07-21,708.969970703125,708.969970703125,710.0499877929688,702.7999877929688,706.5700073242188,33728300,0.018547213156642428
2026-07-22,705.3499755859375,705.3499755859375,709.6500244140625,703.6199951171875,703.6199951171875,23692200,0.0
2026-07-23,691.9600219726562,691.9600219726562,698.6599731445312,687.7899780273438,694.6699829101562,44028600,-0.01898341826999872
2026-07-24,684.22998046875,684.22998046875,692.6300048828125,682.47998046875,690.4099731445312,42876700,-0.011171225588826994
2026-07-27,682.1199951171875,682.1199951171875,692.2999877929688,675.9500122070312,691.6799926757812,42681500,-0.003083737064717651
2026-07-28,675.489990234375,675.489990234375,679.4000244140625,667.8800048828125,676.22998046875,51398700,-0.009719704641810822
2026-07-29,661.72998046875,661.72998046875,680.0499877929688,661.1400146484375,675.510009765625,57233300,-0.0203704125369063
2026-07-30,683.5499877929688,683.5499877929688,685.1199951171875,673.2999877929688,674.760009765625,66753700,0.032974185798204436
2026-07-31,687.989990234375,687.989990234375,695.77001953125,680.0499877929688,692.1099853515625,50540500,0.00649550511403274
2026-08-03,700.0700073242188,700.0700073242188,701.5900268554688,685.8200073242188,688.2999877929688,44965100,0.017558419833591632
2026-08-04,723.8499755859375,723.8499755859375,725.6599731445312,707.530029296875,708.1599731445312,59778600,0.03396798607700635
2026-08-05,717.2999877929688,717.2999877929688,728.5399780273438,716.9199829101562,726.25,33540200,-0.009048819525989127
2026-08-06,714.6500244140625,714.6500244140625,719.3200073242188,708.5,710.8200073242188,33035900,-0.0036943586003114204
2026-08-07,723.030029296875,723.030029296875,723.6300048828125,716.510009765625,720.1500244140625,31070400,0.011726026161803071
2026-08-10,720.8699951171875,720.8699951171875,724.6699829101562,720.3300170898438,722.3900146484375,26243200,-0.0029874750593527066
2026-08-11,718.4500122070312,718.4500122070312,723.3499755859375,715.5,723.2899780273438,29286100,-0.0033570309855425196
2026-08-12,723.7000122070312,723.7000122070312,727.25,722.9199829101562,727.0800170898438,29066000,0.007307397746256994
2026-08-13,732.0700073242188,732.0700073242188,733.9600219726562,724.030029296875,725.1500244140625,31599700,0.011565558900105577
2026-08-14,731.0700073242188,731.0700073242188,734.3900146484375,728.3200073242188,733.4099731445312,23790600,-0.0013659895774928987
2026-08-17,729.8699951171875,729.8699951171875,734.5800170898438,729.27001953125,732.9500122070312,26452600,-0.0016414463662972612
2026-08-18,717.510009765625,717.510009765625,722.1300048828125,715.9199829101562,720.2100219726562,48997200,-0.01693450262957852
2026-08-19,716.0800170898438,716.0800170898438,721.5,712.6099853515625,720.3900146484375,35801700,-0.0019929933468779693
2026-08-20,710.9299926757812,710.9299926757812,714.9400024414062,708.52001953125,712.0900268554688,33396400,-0.007191967784539344
2026-08-21,713.4400024414062,713.4400024414062,715.6699829101562,709.2000122070312,715.22998046875,33399400,0.0035306004690811577
2026-08-24,706.3200073242188,706.3200073242188,709.7899780273438,702.7000122070312,709.6599731445312,37443100,-0.009979809224073155
2026-08-25,710.719970703125,710.719970703125,714.0399780273438,707.4500122070312,711.219970703125,23869600,0.006229419148941817
2026-08-26,711.3699951171875,711.3699951171875,713.02001953125,707.969970703125,708.4099731445312,20392400,0.0009145998999007254
2026-08-27,721.1099853515625,721.1099853515625,721.3499755859375,714.530029296875,716.9299926757812,28723500,0.01369187666225713
2026-08-28,716.4299926757812,716.4299926757812,724.1300048828125,715.0900268554688,719.739990234375,34105400,-0.006489984566639517
2026-08-31,716.760009765625,716.760009765625,717.5800170898438,713.1599731445312,715.1699829101562,32237200,0.0004606410859646637
2026-09-01,707.6400146484375,707.6400146484375,712.2999877929688,704.6599731445312,707.3900146484375,35236100,-0.012723917340435431
2026-09-02,709.239990234375,709.239990234375,709.7999877929688,705.0999755859375,707.0999755859375,23476200,0.0022610021378346445
2026-09-03,717.6699829101562,717.6699829101562,718.9199829101562,709.6900024414062,710.8499755859375,29449800,0.011885952275470846
2026-09-04,718.9600219726562,718.9600219726562,721.8599853515625,716.5599975585938,719.3499755859375,32871100,0.001797537995484877
2026-09-08,718.3599853515625,718.3599853515625,721.8900146484375,715.5700073242188,720.9099731445312,28341400,-0.0008345896889334625
2026-09-09,716.3099975585938,716.3099975585938,719.7000122070312,714.02001953125,716.4000244140625,26763400,-0.002853705432890319
2026-09-10,708.6900024414062,708.6900024414062,712.0599975585938,706.8599853515625,707.5499877929688,31414400,-0.010637845546144553
2026-09-11,714.8800048828125,714.8800048828125,717.6300048828125,713.6300048828125,715.6799926757812,26649100,0.008734428904149771
2026-09-14,709.1799926757812,709.1799926757812,712.9500122070312,702.739990234375,703.3300170898438,35219000,-0.007973383180531979
2026-09-15,704.5399780273438,704.5399780273438,709.530029296875,703.6400146484375,708.7999877929688,26631700,-0.006542788426574742
2026-09-16,704.719970703125,704.719970703125,711.8800048828125,700.0,708.0,35688000,0.000255475461144572
2026-09-17,716.9199829101562,716.9199829101562,718.0399780273438,713.3200073242188,715.9500122070312,37270300,0.0173118582049816
2026-09-18,721.4500122070312,721.4500122070312,721.72998046875,715.0800170898438,718.8300170898438,48277100,0.006318737662307061
